person_id,age,annual_salary_chf,entry_date,employer,annual_contribution_chf
100001,22,107797.86,2023-05-09,Helvetia Services AG,10111.33
100002,55,83647.36,2016-03-12,Bodensee Logistics AG,6866.24
100003,49,92453.99,2019-07-18,AlpenTech AG,9020.69
100004,39,,2015-02-25,Säntis Industries AG,9290.78
100005,38,78932.66,2019-12-21,Rhein Consulting GmbH,5451.06
100006,59,67969.32,2017-09-23,Rhein Consulting GmbH,7803.29
100007,22,89745.42,2018-09-10,AlpenTech AG,10244.39
100008,51,66672.33,2020-01-08,Rhein Consulting GmbH,7316.97
100009,27,93980.53,2018-07-23,Säntis Industries AG,9198.55
100010,22,101535.17,2019-05-02,AlpenTech AG,9870.11
100011,43,88597.57,2023-05-29,Rhein Consulting GmbH,8713.82
100012,64,76847.52,2023-11-28,Helvetia Services AG,7794.62
100013,53,90171.38,2015-01-24,Rhein Consulting GmbH,5499.46
100014,54,76443.89,2019-02-26,Bodensee Logistics AG,8981.05
100015,52,98839.85,2024-04-23,Säntis Industries AG,9403.25
100016,55,49034.69,2020-10-30,AlpenTech AG,5241.22
100017,42,75959.07,2017-04-04,Helvetia Services AG,6277.02
100018,24,46165.38,2021-07-10,Helvetia Services AG,2804.26
100019,58,55088.91,2016-08-04,Helvetia Services AG,4990.18
100020,39,106549.52,2015-03-29,Helvetia Services AG,9635.42
100021,42,98113.33,2021-12-14,Helvetia Services AG,8459.27
100022,35,69049.36,2020-08-30,AlpenTech AG,5550.4
100023,26,54954.94,2023-04-26,Rhein Consulting GmbH,4121.05
100024,62,30000.0,2018-10-16,Bodensee Logistics AG,2749.58
100025,55,72217.08,2024-05-22,Säntis Industries AG,5959.11
100026,142,125567.47,2019-08-19,Rhein Consulting GmbH,14841.56
100027,37,89827.92,2023-02-11,AlpenTech AG,6321.7
100028,57,71927.7,2016-02-07,AlpenTech AG,5695.23
100029,44,90371.44,2016-01-26,Bodensee Logistics AG,7016.22
100030,39,53902.75,2023-08-10,Bodensee Logistics AG,4991.32
100031,39,76648.18,2024-03-02,Helvetia Services AG,6895.03
100032,28,83790.59,2025-05-11,Rhein Consulting GmbH,8263.8
100033,22,80450.19,2018-07-27,Bodensee Logistics AG,9412.68
100034,44,96234.51,2015-03-31,Rhein Consulting GmbH,7420.96
100035,60,88203.61,2025-10-09,AlpenTech AG,8958.51
100036,21,94029.87,2021-08-11,Säntis Industries AG,5783.06
100037,59,69609.3,2017-09-19,Helvetia Services AG,5272.44
100038,57,98160.68,2023-05-25,Bodensee Logistics AG,8620.78
100039,31,111320.87,2024-12-08,Bodensee Logistics AG,6886.27
100040,48,64537.31,2018-02-17,Säntis Industries AG,6264.0
100041,25,66021.48,2023-06-18,Helvetia Services AG,6648.27
100042,54,106044.12,2023-08-29,Helvetia Services AG,11113.84
100043,51,78555.81,2020-07-07,Helvetia Services AG,7148.14
100044,35,107268.79,2021-12-13,Helvetia Services AG,10323.19
100045,21,74034.36,2017-12-18,AlpenTech AG,6201.41
100046,64,108190.82,2025-03-19,AlpenTech AG,6759.24
100047,39,84366.74,2025-10-22,Helvetia Services AG,5567.96
100048,60,86648.12,2025-10-13,Bodensee Logistics AG,8604.14
100049,50,110164.92,2023-02-07,Helvetia Services AG,13190.41
100050,55,75488.13,2015-06-20,Helvetia Services AG,4600.87
100051,54,65059.8,2019-01-11,Rhein Consulting GmbH,6080.16
100052,27,73925.84,2019-11-22,Helvetia Services AG,7766.69
100053,35,90142.01,2025-07-20,Säntis Industries AG,9880.15
100054,40,53816.34,2021-01-05,Rhein Consulting GmbH,4989.44
100055,41,93474.48,2020-11-22,AlpenTech AG,9085.25
100056,20,72302.12,2016-08-12,Helvetia Services AG,7360.61
100057,44,102660.63,2023-09-22,AlpenTech AG,11450.56
100058,25,38903.31,2018-09-12,Helvetia Services AG,2619.65
100059,53,67841.82,2016-01-04,Helvetia Services AG,7840.54
100060,50,51643.57,2025-11-09,AlpenTech AG,3179.23
100061,62,67127.87,2017-02-02,AlpenTech AG,7395.61
100062,53,86457.99,2015-03-07,Bodensee Logistics AG,5585.57
100063,35,78773.92,2015-11-09,Rhein Consulting GmbH,5646.33
100064,64,77439.2,2019-12-22,Helvetia Services AG,4664.45
100065,37,79134.67,2016-02-18,Säntis Industries AG,6862.19
100066,33,85660.99,2024-04-06,Helvetia Services AG,6858.15
100067,61,63846.35,2020-08-19,Säntis Industries AG,4466.66
100068,35,94723.29,2018-07-24,Helvetia Services AG,8247.12
100069,21,93927.99,2015-01-13,Bodensee Logistics AG,7903.31
100070,40,88930.68,2020-04-10,Rhein Consulting GmbH,9431.96
100071,56,92017.6,2016-08-30,AlpenTech AG,10452.08
100072,27,87335.52,2025-10-01,Säntis Industries AG,8659.67
100073,40,118631.32,2018-03-14,Helvetia Services AG,8003.42
100074,24,80432.3,2020-03-21,Bodensee Logistics AG,6251.48
100075,50,76472.5,2015-03-16,Rhein Consulting GmbH,8778.97
100076,40,68436.5,2016-06-09,Rhein Consulting GmbH,4470.55
100077,33,63419.27,2017-04-13,AlpenTech AG,5353.31
100078,28,59599.51,2015-07-27,Säntis Industries AG,6946.34
100079,45,66001.65,2022-12-24,Rhein Consulting GmbH,7724.83
100080,50,80727.75,2025-05-23,Säntis Industries AG,6835.4
100081,63,88017.31,2025-10-31,Bodensee Logistics AG,8805.59
100082,38,82920.56,2017-12-03,Rhein Consulting GmbH,7247.65
100083,25,68220.37,2023-09-02,Bodensee Logistics AG,7177.3
100084,57,98203.32,2020-07-16,Säntis Industries AG,6078.28
100085,48,95309.43,2015-07-04,Säntis Industries AG,6542.94
100086,51,79126.33,2015-12-31,Säntis Industries AG,7663.54
100087,22,70247.51,2021-01-08,Bodensee Logistics AG,5195.02
100088,32,,2019-08-28,Rhein Consulting GmbH,9183.78
100089,54,85383.52,2015-02-03,Helvetia Services AG,6922.33
100090,57,55933.71,2025-03-23,Bodensee Logistics AG,6331.63
100091,38,80776.36,2023-01-11,Rhein Consulting GmbH,8817.19
100092,56,86716.64,2020-07-10,AlpenTech AG,7767.23
100093,58,65805.49,2025-11-06,Rhein Consulting GmbH,6999.97
100094,36,85417.18,2025-09-04,AlpenTech AG,6514.62
100095,61,55813.2,2025-09-15,Bodensee Logistics AG,5003.97
100096,31,106051.35,2017-11-05,Bodensee Logistics AG,7619.68
100097,29,104463.1,2024-09-06,Bodensee Logistics AG,11663.64
100098,50,77454.69,2020-07-18,Bodensee Logistics AG,8472.31
100099,48,88542.18,2022-12-25,Bodensee Logistics AG,10105.23
100100,24,38621.4,2024-06-13,Bodensee Logistics AG,4350.65
100101,57,61185.74,2016-10-17,Bodensee Logistics AG,7193.96
100102,27,76711.98,2019-12-05,Bodensee Logistics AG,5653.69
100103,56,62701.61,2016-06-01,Rhein Consulting GmbH,7267.71
100104,18,94859.14,2018-01-27,Bodensee Logistics AG,8942.64
100105,56,117951.34,2019-07-19,Rhein Consulting GmbH,10067.11
100106,55,60820.94,2024-05-27,Säntis Industries AG,5694.2
100107,55,66925.66,2024-06-25,Säntis Industries AG,5391.27
100108,49,86238.07,2019-04-15,AlpenTech AG,6667.34
100109,40,111000.09,2018-08-14,Rhein Consulting GmbH,8267.16
100110,51,59997.26,2020-10-31,Helvetia Services AG,3896.56
100111,31,86482.65,2025-01-09,AlpenTech AG,7765.61
100112,55,114783.38,2025-09-25,Rhein Consulting GmbH,13001.02
100113,44,52268.34,2017-06-29,AlpenTech AG,5112.32
100114,40,58940.75,2017-01-18,Säntis Industries AG,5378.85
100115,42,74375.08,2022-10-08,Rhein Consulting GmbH,6375.1
100116,45,72629.41,2018-04-25,Säntis Industries AG,6381.52
100117,19,96626.82,2017-03-13,Rhein Consulting GmbH,7010.92
100118,24,86349.87,2015-05-05,Säntis Industries AG,9444.62
100119,29,50050.68,2019-06-07,AlpenTech AG,3598.79
100120,23,91277.39,2019-04-23,Säntis Industries AG,9401.33
100121,39,71604.3,2021-03-10,AlpenTech AG,7561.35
100122,50,104940.05,2017-03-14,Helvetia Services AG,9916.01
100123,49,70703.42,2022-11-08,AlpenTech AG,7902.92
100124,40,70540.92,2022-06-23,Bodensee Logistics AG,5464.31
100125,59,91740.37,2020-01-31,Rhein Consulting GmbH,10357.22
100126,45,95732.68,2016-12-29,Helvetia Services AG,9933.67
100127,21,90065.79,2020-07-28,Säntis Industries AG,9720.35
100128,54,51659.25,2022-06-02,Rhein Consulting GmbH,5159.46
100129,45,91684.62,2019-02-05,Rhein Consulting GmbH,10156.88
100130,48,63382.46,2017-11-23,Säntis Industries AG,7579.65
100131,45,86234.97,2020-07-26,Bodensee Logistics AG,7348.06
100132,44,56372.78,2018-11-27,Helvetia Services AG,6135.33
100133,22,90033.8,2019-05-28,Säntis Industries AG,9424.27
100134,44,67481.22,2018-11-01,Bodensee Logistics AG,5882.49
100135,56,58912.58,2018-05-03,Rhein Consulting GmbH,6811.29
100136,32,94848.76,2022-11-17,Helvetia Services AG,7935.57
100137,46,86349.6,2020-01-22,Helvetia Services AG,8110.64
100138,19,70948.42,2020-02-17,AlpenTech AG,4707.89
100139,34,108121.22,2022-03-07,Helvetia Services AG,7951.94
100140,38,74068.26,2018-12-21,AlpenTech AG,8180.23
100141,65,82577.94,2016-02-10,Rhein Consulting GmbH,6919.47
100142,28,86840.44,2024-05-16,AlpenTech AG,7263.77
100143,31,70846.01,2015-08-12,Rhein Consulting GmbH,5296.37
100144,37,90480.45,2021-04-15,Säntis Industries AG,8097.69
100145,65,72397.86,2017-12-03,Rhein Consulting GmbH,7844.24
100146,58,74590.51,2017-05-08,Bodensee Logistics AG,8481.68
100147,19,106527.57,2015-06-18,AlpenTech AG,6839.8
100148,29,63269.45,2024-11-22,Säntis Industries AG,5978.28
100149,57,38569.95,2019-09-20,AlpenTech AG,3395.56
100150,20,110996.87,2018-10-07,Rhein Consulting GmbH,10750.81
100151,59,127887.9,2023-02-24,Rhein Consulting GmbH,11105.34
100152,31,74705.15,2015-06-06,AlpenTech AG,6269.16
100153,62,47136.92,2021-03-16,Rhein Consulting GmbH,4162.8
100154,32,76411.29,2020-06-08,AlpenTech AG,7252.96
100155,38,76847.99,2021-01-31,Helvetia Services AG,6920.85
100156,49,78581.37,2016-05-12,Säntis Industries AG,6940.99
100157,24,61959.02,2025-06-21,Säntis Industries AG,6757.88
100158,44,92432.1,2017-08-15,Helvetia Services AG,9681.23
100159,42,91441.13,2022-06-16,Säntis Industries AG,7359.43
100160,55,55100.7,2023-03-19,Säntis Industries AG,5952.78
100161,65,94585.54,2018-10-13,Rhein Consulting GmbH,10519.71
100162,49,118948.33,2016-06-08,AlpenTech AG,8232.36
100163,37,85095.29,2018-04-06,Helvetia Services AG,8080.73
100164,37,75928.15,2023-11-14,Rhein Consulting GmbH,5855.48
100165,38,79443.94,2024-12-18,Säntis Industries AG,8290.0
100166,57,93074.62,2025-04-19,Säntis Industries AG,6917.97
100167,33,50847.91,2017-06-27,Bodensee Logistics AG,5099.24
100168,26,84959.03,2021-09-01,Helvetia Services AG,6398.05
100169,34,74971.65,2016-08-29,Säntis Industries AG,6797.58
100170,19,115260.85,2022-10-23,Helvetia Services AG,13476.16
100171,23,78864.89,2019-07-28,Helvetia Services AG,6536.2
100172,22,112021.98,2022-11-05,Säntis Industries AG,12607.44
100173,55,62132.67,2022-07-13,Bodensee Logistics AG,7407.25
100174,52,92570.67,2025-11-30,Helvetia Services AG,10413.37
100175,51,87749.2,2020-05-15,AlpenTech AG,6138.23
100176,40,66357.15,2018-10-03,Bodensee Logistics AG,7244.84
100177,52,85193.13,2020-10-15,Säntis Industries AG,5275.92
100178,25,103825.34,2016-10-15,Bodensee Logistics AG,8679.6
100179,61,76171.75,2016-03-24,Rhein Consulting GmbH,8549.82
100180,42,51544.67,2020-09-15,Helvetia Services AG,5222.77
100181,63,81683.87,2024-01-28,Rhein Consulting GmbH,7512.01
100182,25,65756.38,2020-11-10,Rhein Consulting GmbH,5475.65
100183,41,75837.86,2023-08-06,Rhein Consulting GmbH,8246.44
100184,51,80531.42,2016-12-15,Rhein Consulting GmbH,8260.39
100185,41,51298.26,2019-12-10,Bodensee Logistics AG,4519.6
100186,39,52918.15,2021-09-27,Helvetia Services AG,6008.81
100187,25,90677.2,2018-10-27,Rhein Consulting GmbH,6691.69
100188,36,72591.06,2015-02-26,Säntis Industries AG,5097.6
100189,29,35834.6,2015-10-22,Säntis Industries AG,3532.15
100190,32,96127.19,2025-03-13,Helvetia Services AG,11373.74
100191,50,86902.66,2021-08-26,Rhein Consulting GmbH,6503.39
100192,48,69150.25,2017-11-28,AlpenTech AG,5184.9
100193,47,58297.06,2017-11-05,Bodensee Logistics AG,3985.77
100194,35,97044.54,2015-06-08,Bodensee Logistics AG,10833.45
100195,64,88288.31,2025-05-21,Helvetia Services AG,6496.59
100196,22,124886.84,2016-03-10,Säntis Industries AG,11263.63
100197,34,89563.39,2023-05-08,Säntis Industries AG,10698.56
100198,23,88978.66,2017-08-22,AlpenTech AG,5403.54
100199,34,78995.3,2018-09-09,Helvetia Services AG,7377.31
100200,64,96701.97,2018-01-04,Helvetia Services AG,8774.48
100201,35,93251.53,2024-01-24,Säntis Industries AG,10112.83
100202,61,104531.05,2015-05-12,Bodensee Logistics AG,8500.14
100203,41,72616.19,2018-11-15,Rhein Consulting GmbH,6144.82
100204,51,74162.67,2018-01-26,Säntis Industries AG,5197.04
100205,39,73376.14,2017-12-31,Rhein Consulting GmbH,7664.06
100206,30,96234.43,2017-02-13,AlpenTech AG,10305.03
100207,54,108970.74,2025-01-11,AlpenTech AG,7431.78
100208,64,73740.87,2019-03-01,Helvetia Services AG,6165.28
100209,30,74354.07,2019-08-07,Helvetia Services AG,8444.71
100210,55,87653.39,2019-03-27,Rhein Consulting GmbH,5273.44
100211,30,77576.29,2025-10-10,AlpenTech AG,6045.17
100212,52,99136.97,2018-09-23,Helvetia Services AG,9249.73
100213,55,41468.01,2018-10-03,Helvetia Services AG,3319.33
100214,39,67119.31,2018-08-09,AlpenTech AG,5122.73
100215,53,67916.51,2018-08-05,AlpenTech AG,5949.64
100216,31,40233.59,2015-12-27,AlpenTech AG,2852.21
100217,21,64654.51,2021-08-23,Bodensee Logistics AG,5933.83
100218,22,65527.19,2015-04-12,Bodensee Logistics AG,6710.1
100219,39,78380.12,2017-06-26,Bodensee Logistics AG,7408.31
100220,61,102033.39,2017-03-22,Bodensee Logistics AG,6692.02
100221,24,77588.91,2018-03-16,Rhein Consulting GmbH,8586.34
100222,39,63445.35,2023-04-26,Säntis Industries AG,4472.81
100223,51,80974.82,2021-08-03,Bodensee Logistics AG,8574.32
100224,27,100885.13,2025-11-22,Rhein Consulting GmbH,8235.65
100225,52,64432.74,2018-11-11,Rhein Consulting GmbH,6892.09
100226,32,65609.65,2025-03-17,Rhein Consulting GmbH,4748.59
100227,56,92053.88,2015-06-30,AlpenTech AG,6554.21
100228,45,78012.35,2020-07-17,Säntis Industries AG,7007.19
100229,44,93654.72,2023-10-13,AlpenTech AG,5804.36
100230,26,81754.36,2020-11-05,Bodensee Logistics AG,6010.4
100231,40,94629.95,2025-04-05,Rhein Consulting GmbH,9788.59
100232,59,63368.59,2018-06-17,Bodensee Logistics AG,6985.94
100233,18,81782.48,2015-05-14,Helvetia Services AG,5303.36
100234,54,78207.58,2023-07-05,Säntis Industries AG,8831.56
100235,41,60113.96,2015-10-01,AlpenTech AG,6483.35
100236,52,53857.4,2023-05-29,Helvetia Services AG,6041.78
100237,49,94343.48,2023-01-23,Säntis Industries AG,9614.14
100238,38,75682.86,2024-04-12,Rhein Consulting GmbH,7602.28
100239,32,63598.95,2020-04-06,AlpenTech AG,5819.66
100240,48,80268.78,2024-11-04,Rhein Consulting GmbH,7960.03
100241,24,102304.34,2016-11-12,Säntis Industries AG,11779.99
100242,46,40946.72,2019-10-10,AlpenTech AG,2703.77
100243,22,55060.5,2016-05-04,Bodensee Logistics AG,4346.8
100244,49,65388.04,2023-06-07,Bodensee Logistics AG,4207.54
100245,48,108301.22,2022-11-07,AlpenTech AG,12637.49
100246,22,87086.57,2023-11-12,Helvetia Services AG,7551.79
100247,54,95811.71,2023-05-27,AlpenTech AG,9631.06
100248,37,61477.1,2018-05-23,AlpenTech AG,6791.2
100249,55,61848.35,2015-10-01,Bodensee Logistics AG,7388.4
100250,19,90060.65,2025-03-19,Bodensee Logistics AG,6277.85
100251,26,83048.94,2020-06-01,Helvetia Services AG,8966.86
100252,41,91877.3,2016-01-14,Helvetia Services AG,10404.68
100253,27,78621.92,2025-03-11,AlpenTech AG,4947.88
100254,33,87006.59,2025-12-05,Rhein Consulting GmbH,9157.05
100255,49,84846.14,2019-11-24,Helvetia Services AG,6896.59
100256,24,95999.81,2023-06-19,Säntis Industries AG,9495.9
100257,50,96526.15,2015-05-26,Bodensee Logistics AG,8768.71
100258,22,52842.3,2016-01-10,Säntis Industries AG,3994.06
100259,26,41549.17,2018-01-15,Rhein Consulting GmbH,2830.05
100260,46,100031.42,2022-03-19,Helvetia Services AG,6703.79
100261,56,103379.05,2016-06-19,Rhein Consulting GmbH,6843.63
100262,26,63628.79,2015-05-18,Helvetia Services AG,6252.64
100263,32,48522.96,2022-05-09,AlpenTech AG,3934.47
100264,62,83782.63,2023-06-20,Helvetia Services AG,6115.96
100265,65,98755.09,2023-02-15,Helvetia Services AG,10024.94
100266,45,114356.7,2023-10-14,AlpenTech AG,11574.15
100267,39,91293.36,2023-10-29,AlpenTech AG,8430.95
100268,34,75309.1,2021-08-15,Säntis Industries AG,8743.2
100269,47,65923.65,2020-09-16,Bodensee Logistics AG,5479.89
100270,46,82206.12,2024-06-02,Bodensee Logistics AG,9055.15
100271,32,76613.24,2018-10-29,Säntis Industries AG,4942.19
100272,19,63728.78,2016-01-29,Helvetia Services AG,6652.64
100273,25,118877.6,2023-04-08,Bodensee Logistics AG,14182.91
100274,64,114133.03,2018-01-12,Säntis Industries AG,12645.47
100275,38,102448.88,2025-10-05,Rhein Consulting GmbH,9710.09
100276,41,65424.69,2019-07-21,Helvetia Services AG,6385.84
100277,40,97390.35,2024-05-12,Helvetia Services AG,7907.84
100278,55,93513.28,2015-06-20,AlpenTech AG,9423.25
100279,21,89965.82,2022-03-31,AlpenTech AG,9556.5
100280,21,104493.97,2019-12-05,AlpenTech AG,12528.17
100281,31,93436.68,2020-02-01,Rhein Consulting GmbH,8367.05
100282,41,95320.26,2017-11-30,Rhein Consulting GmbH,6069.83
100283,50,93464.31,2025-09-04,Bodensee Logistics AG,8949.35
100284,41,88134.25,2019-04-26,Rhein Consulting GmbH,5917.46
100285,39,49895.0,2024-05-07,AlpenTech AG,3726.45
100286,63,83505.18,2019-09-03,Helvetia Services AG,6657.6
100287,25,71988.54,2015-07-13,Helvetia Services AG,7476.86
100288,45,58962.86,2024-08-31,Säntis Industries AG,4188.04
100289,44,112272.7,2017-01-13,Rhein Consulting GmbH,7852.93
100290,40,113121.92,2017-12-21,Säntis Industries AG,7092.5
100291,56,106465.97,2024-06-19,Helvetia Services AG,11966.18
100292,30,86593.84,2024-10-28,Säntis Industries AG,8798.83
100293,63,106311.25,2025-01-28,AlpenTech AG,6633.48
100294,33,82216.96,2019-09-07,Helvetia Services AG,5072.58
100295,44,85650.35,2023-04-28,Bodensee Logistics AG,8010.06
100296,42,62317.52,2018-08-09,AlpenTech AG,4795.46
100297,58,89145.84,2023-02-20,Säntis Industries AG,8540.49
100298,39,83086.95,2020-07-10,Säntis Industries AG,7151.81
100299,31,58552.26,2015-07-28,Bodensee Logistics AG,6756.86
100300,19,81078.45,2019-08-05,Helvetia Services AG,6264.81
100301,-4,80564.87,2020-02-21,AlpenTech AG,8116.81
100302,57,114356.1,2017-10-30,Rhein Consulting GmbH,7232.25
100303,18,98095.84,2019-02-12,Bodensee Logistics AG,11511.71
100304,61,82206.02,2020-07-11,Rhein Consulting GmbH,9769.81
100305,44,86478.17,2015-07-19,Rhein Consulting GmbH,9023.52
100306,24,82795.82,2016-09-01,AlpenTech AG,7278.81
100307,32,78347.55,2023-06-06,AlpenTech AG,5735.01
100308,44,62516.31,2018-11-13,Rhein Consulting GmbH,6798.71
100309,33,79281.07,2021-09-08,AlpenTech AG,8259.6
100310,23,68570.23,2021-03-21,Säntis Industries AG,5027.38
100311,49,59494.32,2021-01-22,AlpenTech AG,5180.34
100312,50,91201.99,2019-07-18,Rhein Consulting GmbH,8004.61
100313,23,89042.76,2020-04-24,Säntis Industries AG,9757.72
100314,31,49839.26,2024-01-22,Bodensee Logistics AG,5035.29
100315,29,79791.68,2025-08-10,AlpenTech AG,7866.67
100316,49,99922.62,2017-10-27,Säntis Industries AG,9891.3
100317,53,101066.03,2022-05-11,AlpenTech AG,7704.08
100318,52,100465.06,2025-08-29,Bodensee Logistics AG,8268.54
100319,63,82700.44,2015-01-31,Säntis Industries AG,5188.6
100320,54,66789.18,2023-08-17,Rhein Consulting GmbH,7160.9
100321,33,62493.42,2020-06-17,AlpenTech AG,5373.18
100322,23,88202.89,2025-08-20,Säntis Industries AG,7611.41
100323,47,88827.04,2021-05-10,AlpenTech AG,6637.28
100324,61,105171.96,2024-03-19,Rhein Consulting GmbH,7631.87
100325,64,101799.63,2016-10-28,Rhein Consulting GmbH,9698.38
100326,29,79619.88,2016-07-24,Helvetia Services AG,5888.14
100327,29,59604.29,2025-03-09,Bodensee Logistics AG,3805.88
100328,19,76256.08,2020-10-14,AlpenTech AG,8086.99
100329,24,85910.16,2021-02-19,Säntis Industries AG,7095.16
100330,44,78362.5,2016-11-13,Helvetia Services AG,6489.52
100331,44,71597.91,2017-06-29,Helvetia Services AG,6148.76
100332,35,86551.93,2023-12-30,Bodensee Logistics AG,9425.74
100333,32,72928.76,2018-05-02,Rhein Consulting GmbH,5779.62
100334,57,70694.81,2021-06-03,Bodensee Logistics AG,7457.04
100335,40,87606.15,2018-06-24,Bodensee Logistics AG,10194.96
100336,56,74764.13,2017-11-23,Bodensee Logistics AG,7450.4
100337,64,86393.88,2016-10-28,Säntis Industries AG,7421.31
100338,33,86917.67,2025-03-21,Helvetia Services AG,9114.83
100339,27,61490.28,2025-05-02,Säntis Industries AG,5378.79
100340,63,73337.66,2016-04-07,Rhein Consulting GmbH,6223.85
100341,48,107879.98,2018-11-19,Säntis Industries AG,9872.85
100342,31,61082.57,2021-03-13,Säntis Industries AG,4829.39
100343,47,43900.22,2019-03-19,Rhein Consulting GmbH,2908.61
100344,42,48486.79,2022-12-04,Helvetia Services AG,4116.1
100345,61,82523.98,2017-11-10,Rhein Consulting GmbH,5564.71
100346,30,82556.51,2015-08-25,Rhein Consulting GmbH,6986.47
100347,65,79883.0,2018-09-14,Helvetia Services AG,7462.35
100348,62,103855.42,2021-07-28,Rhein Consulting GmbH,12030.89
100349,26,33888.98,2016-12-26,Helvetia Services AG,2106.99
100350,25,89126.81,2023-12-20,Bodensee Logistics AG,8670.92
100351,43,110105.89,2015-02-19,Rhein Consulting GmbH,9630.31
100352,20,61699.95,2015-09-29,AlpenTech AG,3777.0
100353,32,75163.48,2020-08-04,Helvetia Services AG,5635.22
100354,38,68447.95,2020-08-18,Rhein Consulting GmbH,4593.48
100355,64,65901.77,2018-03-29,Bodensee Logistics AG,4811.33
100356,65,76127.28,2017-11-04,Säntis Industries AG,5821.77
100357,25,107694.74,2015-10-08,AlpenTech AG,9054.8
100358,60,115072.96,2022-04-15,Rhein Consulting GmbH,10557.07
100359,22,75953.09,2019-03-02,Säntis Industries AG,4561.7
100360,53,116291.08,2016-04-21,Säntis Industries AG,8106.9
100361,58,82640.38,2019-05-25,AlpenTech AG,5422.36
100362,60,113566.44,2025-04-20,Säntis Industries AG,10559.45
100363,28,80320.62,2017-11-14,Helvetia Services AG,6405.13
100364,60,84359.04,2024-11-01,Helvetia Services AG,7837.28
100365,23,88578.54,2017-11-04,Helvetia Services AG,6493.64
100366,42,139219.37,2017-01-16,Rhein Consulting GmbH,8555.55
100367,40,97323.14,2017-11-12,Rhein Consulting GmbH,11336.4
100368,33,69269.24,2018-07-21,Bodensee Logistics AG,4606.3
100369,19,99441.96,2016-04-29,AlpenTech AG,6723.42
100370,55,75487.01,2021-06-17,Säntis Industries AG,5192.96
100371,34,73184.5,2018-08-31,Helvetia Services AG,8699.92
100372,49,98354.82,2022-11-23,AlpenTech AG,9546.28
100373,37,82559.54,2020-05-25,Bodensee Logistics AG,7976.69
100374,35,87014.37,2019-11-13,Bodensee Logistics AG,10372.28
100375,60,82251.73,2020-03-06,Rhein Consulting GmbH,5371.56
100376,22,88058.5,2016-09-19,Säntis Industries AG,10432.3
100377,53,89649.39,2022-11-02,AlpenTech AG,6476.34
100378,53,47134.6,2016-02-23,Helvetia Services AG,4590.17
100379,36,93998.31,2022-12-06,Bodensee Logistics AG,8009.13
100380,30,64323.65,2025-12-28,Rhein Consulting GmbH,5341.25
100381,18,56038.62,2023-05-26,Rhein Consulting GmbH,6493.45
100382,62,80948.6,2020-01-03,Helvetia Services AG,5581.7
100383,63,83511.66,2018-06-16,Rhein Consulting GmbH,10006.71
100384,29,69516.89,2024-08-04,Säntis Industries AG,5752.35
100385,19,96958.57,2017-10-29,Bodensee Logistics AG,9591.77
100386,23,57840.85,2020-04-20,Säntis Industries AG,6829.52
100387,21,74675.01,2023-06-23,Rhein Consulting GmbH,4738.58
100388,57,71472.27,2025-02-20,Helvetia Services AG,8245.89
100389,60,81161.43,2025-02-14,Helvetia Services AG,7634.75
100390,25,87019.56,2015-12-19,Rhein Consulting GmbH,8898.95
100391,53,63857.93,2024-11-15,Helvetia Services AG,4403.07
100392,26,95037.09,2016-04-02,Helvetia Services AG,8743.72
100393,35,83134.04,2021-06-04,Helvetia Services AG,8347.56
100394,46,47944.97,2025-03-21,Rhein Consulting GmbH,4189.18
100395,52,46745.35,2022-03-14,Helvetia Services AG,3239.41
100396,59,81778.25,2025-06-01,Rhein Consulting GmbH,6104.51
100397,20,78022.59,2018-10-14,Säntis Industries AG,8681.07
100398,27,80138.44,2018-06-17,Säntis Industries AG,4974.05
100399,31,81496.32,2018-08-02,Säntis Industries AG,8355.96
100400,32,86060.08,2018-11-26,AlpenTech AG,10324.06
100401,65,99057.69,2022-07-04,Bodensee Logistics AG,5987.94
100402,55,62000.11,2019-12-22,Helvetia Services AG,4319.1
100403,33,60904.51,2023-02-08,Säntis Industries AG,6117.78
100404,64,62320.17,2019-07-29,Rhein Consulting GmbH,3963.53
100405,41,87200.5,2018-05-20,Helvetia Services AG,8317.83
100406,42,104409.05,2017-02-02,Bodensee Logistics AG,10549.49
100407,38,74235.89,2021-01-21,Rhein Consulting GmbH,7073.85
100408,24,36969.4,2024-11-15,Bodensee Logistics AG,3028.2
100409,62,51328.13,2024-06-10,Bodensee Logistics AG,5227.1
100410,18,67005.34,2017-10-14,AlpenTech AG,6409.57
100411,26,71960.88,2020-04-01,Bodensee Logistics AG,5214.16
100412,29,74649.0,2022-10-02,Helvetia Services AG,7001.19
100413,31,,2021-09-24,Säntis Industries AG,9337.4
100414,24,76388.57,2015-09-27,Säntis Industries AG,7639.62
100415,18,100888.11,2021-07-01,Rhein Consulting GmbH,8909.18
100416,50,69831.69,2015-06-05,AlpenTech AG,5537.31
100417,64,66478.28,2016-04-12,Säntis Industries AG,4331.27
100418,23,90619.76,2022-03-09,Helvetia Services AG,6767.27
100419,32,54358.44,2016-02-16,Bodensee Logistics AG,3297.99
100420,42,89014.45,2018-09-23,Säntis Industries AG,10610.3
100421,62,83845.96,2021-06-20,Säntis Industries AG,6150.01
100422,51,79346.04,2022-03-16,AlpenTech AG,8640.19
100423,54,110588.97,2019-11-25,Helvetia Services AG,7754.35
100424,45,70800.27,2016-01-13,Rhein Consulting GmbH,5452.76
100425,38,119085.37,2023-10-14,Bodensee Logistics AG,10133.76
100426,27,77942.23,2025-06-10,Helvetia Services AG,6193.63
100427,59,59013.7,2024-10-08,Bodensee Logistics AG,6367.64
100428,56,83258.55,2023-03-25,Säntis Industries AG,9779.68
100429,19,62627.59,2019-06-03,Helvetia Services AG,7046.71
100430,52,68468.39,2024-08-19,Rhein Consulting GmbH,4739.02
100431,22,89146.6,2020-05-14,Rhein Consulting GmbH,9503.15
100432,53,92000.48,2016-07-01,Säntis Industries AG,6336.7
100433,57,70800.98,2024-05-07,Helvetia Services AG,8128.16
100434,24,99773.29,2018-07-09,Helvetia Services AG,9086.62
100435,38,102835.14,2025-04-26,Bodensee Logistics AG,8245.62
100436,23,107853.43,2019-01-18,Bodensee Logistics AG,7487.35
100437,45,91529.44,2024-07-22,Bodensee Logistics AG,5556.62
100438,62,106541.72,2020-11-26,Rhein Consulting GmbH,7977.51
100439,21,48145.63,2020-02-20,Rhein Consulting GmbH,5529.1
100440,37,76277.68,2018-04-06,Helvetia Services AG,8225.46
100441,64,66393.91,2024-03-09,Rhein Consulting GmbH,7846.94
100442,32,84146.07,2015-09-01,Helvetia Services AG,5557.49
100443,24,71713.91,2020-02-26,Bodensee Logistics AG,6850.88
100444,41,79009.16,2019-01-21,AlpenTech AG,5959.58
100445,42,115879.15,2020-12-21,Helvetia Services AG,10727.69
100446,49,78945.04,2017-10-19,Säntis Industries AG,6254.6
100447,33,89448.26,2022-04-22,Bodensee Logistics AG,6888.23
100448,63,77819.15,2019-03-30,Rhein Consulting GmbH,7348.52
100449,43,83362.84,2017-01-25,AlpenTech AG,5918.69
100450,31,82108.3,2017-03-01,Rhein Consulting GmbH,7237.68
100451,64,90069.83,2022-08-28,Helvetia Services AG,8921.3
100452,62,102975.54,2017-11-17,Rhein Consulting GmbH,6970.51
100453,41,111653.09,2018-05-18,Säntis Industries AG,12933.41
100454,19,87573.16,2021-11-22,Bodensee Logistics AG,7911.66
100455,46,92611.84,2018-08-17,AlpenTech AG,10110.59
100456,44,61284.44,2019-04-08,Bodensee Logistics AG,6081.52
100457,25,80418.22,2017-09-08,AlpenTech AG,8250.91
100458,48,98925.21,2018-10-18,Bodensee Logistics AG,10186.12
100459,58,97587.44,2022-08-13,AlpenTech AG,10979.17
100460,23,85808.98,2020-11-13,Rhein Consulting GmbH,8307.71
100461,52,97955.09,2025-12-19,Helvetia Services AG,7512.47
100462,24,90833.8,2023-06-27,Helvetia Services AG,5992.36
100463,53,103605.51,2015-03-09,AlpenTech AG,9984.98
100464,38,87208.46,2019-03-02,Säntis Industries AG,5579.7
100465,18,75597.43,2018-03-09,Säntis Industries AG,5630.32
100466,64,88045.14,2021-06-16,Säntis Industries AG,5603.41
100467,25,30000.0,2017-12-02,AlpenTech AG,2788.0
100468,46,88891.94,2025-08-15,Helvetia Services AG,6188.68
100469,26,30000.0,2018-04-16,Säntis Industries AG,2898.73
100470,62,50977.66,2020-09-26,Bodensee Logistics AG,5477.65
100471,53,90131.83,2016-05-08,AlpenTech AG,9852.57
100472,56,90595.53,2024-12-31,AlpenTech AG,7118.33
100473,38,61076.28,2025-01-09,Helvetia Services AG,5676.26
100474,40,69182.16,2023-09-22,Säntis Industries AG,6487.95
100475,48,106669.74,2018-11-12,AlpenTech AG,9426.75
100476,55,73287.46,2015-08-24,Säntis Industries AG,7277.95
100477,58,122372.57,2022-10-25,Rhein Consulting GmbH,8884.89
100478,18,81965.44,2019-09-19,Säntis Industries AG,9733.77
100479,49,89344.65,2025-11-20,Säntis Industries AG,5886.45
100480,23,111103.74,2022-09-04,Helvetia Services AG,12194.0
100481,31,84358.49,2020-12-02,Säntis Industries AG,8068.53
100482,57,63957.81,2025-11-05,AlpenTech AG,4777.09
100483,30,80024.91,2023-10-19,Helvetia Services AG,8381.85
100484,56,81359.01,2020-01-15,Helvetia Services AG,5293.94
100485,40,57434.65,2015-03-17,AlpenTech AG,6114.78
100486,29,77395.02,2016-01-08,AlpenTech AG,7383.42
100487,34,68640.54,2019-11-17,AlpenTech AG,4574.55
100488,43,98638.44,2021-03-06,AlpenTech AG,6388.84
100489,54,82623.01,2015-05-02,Helvetia Services AG,8679.56
100490,47,76909.68,2016-05-23,AlpenTech AG,5966.36
100491,62,80088.73,2022-09-28,AlpenTech AG,9078.71
100492,59,86016.2,2023-04-06,Säntis Industries AG,9094.01
100493,54,93102.66,2015-04-30,AlpenTech AG,9486.36
100494,46,64005.18,2020-07-31,AlpenTech AG,4910.24
100495,31,63251.42,2015-11-22,AlpenTech AG,6485.59
100496,37,101884.23,2022-12-14,AlpenTech AG,11909.13
100497,23,74577.94,2024-03-02,Bodensee Logistics AG,4884.38
100498,35,56496.84,2024-07-22,Säntis Industries AG,4495.44
100499,62,89988.63,2021-07-29,Rhein Consulting GmbH,6666.39
100500,38,90340.66,2021-11-30,Bodensee Logistics AG,7552.03
100501,23,54447.13,2025-03-09,AlpenTech AG,5691.9
100502,49,86130.67,2021-09-24,Rhein Consulting GmbH,7618.65
100503,64,95240.5,2019-11-27,AlpenTech AG,8975.83
100504,59,88738.96,2023-04-18,Rhein Consulting GmbH,6997.0
100505,31,93375.67,2021-06-30,Bodensee Logistics AG,6394.12
100506,39,56723.16,2024-04-05,Säntis Industries AG,4311.87
100507,43,87958.72,2020-10-07,Helvetia Services AG,9814.51
100508,29,76552.84,2024-07-21,Rhein Consulting GmbH,7360.17
100509,30,73309.78,2015-06-30,Bodensee Logistics AG,6061.2
100510,29,97670.0,2015-05-27,Bodensee Logistics AG,10489.21
100511,65,108626.94,2016-02-02,Säntis Industries AG,6937.73
100512,53,114298.66,2021-02-11,Rhein Consulting GmbH,8599.08
100513,58,105666.54,2022-10-17,Bodensee Logistics AG,7798.84
100514,57,80024.78,2017-05-18,Bodensee Logistics AG,9532.7
100515,64,88348.96,2016-09-17,Rhein Consulting GmbH,9043.92
100516,23,95802.81,2024-06-16,Helvetia Services AG,9299.31
100517,60,84181.2,2023-04-02,AlpenTech AG,5076.05
100518,21,84353.76,2022-02-16,Bodensee Logistics AG,5994.06
100519,40,96827.56,2020-05-14,AlpenTech AG,9501.93
100520,46,80932.91,2019-08-15,AlpenTech AG,6699.88
100521,35,68872.84,2015-03-24,Bodensee Logistics AG,7951.84
100522,25,74539.48,2017-01-25,Rhein Consulting GmbH,7892.5
100523,27,93410.39,2024-11-10,Rhein Consulting GmbH,8112.04
100524,57,82053.88,2018-09-23,Helvetia Services AG,8613.27
100525,33,88123.78,2022-09-29,Bodensee Logistics AG,10444.81
100526,32,94061.43,2022-09-26,AlpenTech AG,8245.32
100527,62,75252.85,2018-05-27,Rhein Consulting GmbH,7416.29
100528,24,95612.47,2017-03-31,Helvetia Services AG,11006.9
100529,61,88819.17,2022-08-09,Rhein Consulting GmbH,6654.37
100530,62,59773.36,2016-01-11,Säntis Industries AG,6765.95
100531,46,107961.49,2020-06-09,Rhein Consulting GmbH,7109.55
100532,25,72986.59,2024-10-05,Helvetia Services AG,7218.88
100533,25,52208.28,2022-10-26,Säntis Industries AG,5584.73
100534,31,63189.21,2023-05-27,Rhein Consulting GmbH,6121.54
100535,45,63621.19,2015-12-01,Rhein Consulting GmbH,5708.86
100536,25,82939.12,2017-03-13,Säntis Industries AG,8048.48
100537,39,77070.69,2018-01-09,Säntis Industries AG,5325.57
100538,23,75937.02,2018-03-19,AlpenTech AG,5538.41
100539,43,93154.64,2017-02-18,Säntis Industries AG,7097.82
100540,19,88117.76,2025-09-07,Rhein Consulting GmbH,8447.56
100541,52,87688.86,2016-10-24,Helvetia Services AG,7586.32
100542,20,89376.91,2022-10-14,Helvetia Services AG,6673.64
100543,27,93090.42,2021-06-13,Rhein Consulting GmbH,10516.29
100544,26,44056.84,2021-09-17,Helvetia Services AG,3631.84
100545,57,75440.11,2017-05-11,Bodensee Logistics AG,6545.33
100546,20,42756.22,2018-05-20,Rhein Consulting GmbH,3616.41
100547,38,82649.08,2021-09-01,Rhein Consulting GmbH,5861.19
100548,46,81916.61,2018-04-15,Säntis Industries AG,8510.94
100549,42,100819.58,2022-08-18,AlpenTech AG,8761.98
100550,50,103377.42,2015-06-08,Helvetia Services AG,6303.48
100551,56,85649.95,2015-10-20,Säntis Industries AG,10093.06
100552,36,72993.5,2023-01-03,Bodensee Logistics AG,7952.34
100553,57,90732.9,2021-10-12,Helvetia Services AG,9383.01
100554,33,72497.48,2015-06-23,Helvetia Services AG,8130.27
100555,65,81974.93,2024-11-18,Helvetia Services AG,9378.62
100556,42,99750.45,2015-01-20,Bodensee Logistics AG,8004.91
100557,53,71960.12,2025-07-03,Helvetia Services AG,6955.49
100558,60,96502.22,2023-01-07,Rhein Consulting GmbH,9315.21
100559,56,94193.22,2025-11-11,Bodensee Logistics AG,7162.26
100560,58,64813.75,2025-06-06,Rhein Consulting GmbH,4751.96
100561,43,99530.09,2018-06-11,AlpenTech AG,6652.04
100562,20,94574.19,2023-04-26,Rhein Consulting GmbH,9415.7
100563,41,83834.67,2017-04-26,Säntis Industries AG,8958.17
100564,26,68278.18,2020-03-08,AlpenTech AG,7214.08
100565,60,66534.29,2017-08-22,Helvetia Services AG,5254.65
100566,29,72322.07,2020-05-05,Rhein Consulting GmbH,5230.01
100567,28,91766.7,2024-08-03,Rhein Consulting GmbH,8003.6
100568,29,64798.75,2019-10-18,Rhein Consulting GmbH,6013.89
100569,48,89875.22,2016-01-06,Bodensee Logistics AG,10348.7
100570,45,59648.4,2018-07-27,Rhein Consulting GmbH,6709.81
100571,63,78326.77,2023-08-24,Rhein Consulting GmbH,9004.72
100572,37,83973.66,2020-09-25,AlpenTech AG,9322.4
100573,31,126012.34,2021-02-27,Rhein Consulting GmbH,14853.69
100574,20,57208.32,2019-09-28,Bodensee Logistics AG,5030.33
100575,18,108496.26,2018-03-21,AlpenTech AG,6818.82
100576,35,84697.16,2021-07-29,Bodensee Logistics AG,5506.48
100577,62,89401.09,2021-12-16,Bodensee Logistics AG,7457.53
100578,43,84130.26,2024-11-14,AlpenTech AG,6348.57
100579,60,90005.08,2021-10-16,Säntis Industries AG,6318.04
100580,22,79233.67,2025-12-08,Helvetia Services AG,9285.57
100581,22,108172.9,2024-02-01,Helvetia Services AG,7758.72
100582,58,73783.52,2015-11-13,Bodensee Logistics AG,8674.19
100583,23,102380.22,2019-04-24,Säntis Industries AG,10816.5
100584,20,70401.39,2019-03-25,Rhein Consulting GmbH,6931.49
100585,37,80915.47,2015-01-13,Rhein Consulting GmbH,8136.95
100586,62,62704.67,2016-12-26,Helvetia Services AG,5009.38
100587,51,90190.43,2023-05-19,Säntis Industries AG,8909.52
100588,22,108012.27,2018-11-14,Säntis Industries AG,7690.64
100589,58,80607.59,2016-08-16,Bodensee Logistics AG,9371.63
100590,58,78456.06,2018-02-28,Bodensee Logistics AG,6128.01
100591,56,61936.89,2018-01-07,AlpenTech AG,4664.54
100592,61,77872.73,2016-12-01,Rhein Consulting GmbH,7995.18
100593,29,53329.7,2016-02-11,Säntis Industries AG,5300.27
100594,65,65568.2,2023-05-26,Bodensee Logistics AG,5709.54
100595,33,86082.15,2024-01-24,Bodensee Logistics AG,8431.47
100596,56,105742.24,2020-06-15,Bodensee Logistics AG,7356.44
100597,45,132565.8,2021-10-07,AlpenTech AG,13309.57
100598,55,71441.47,2025-02-07,Rhein Consulting GmbH,5446.46
100599,48,107835.4,2024-04-06,Rhein Consulting GmbH,8235.41
100600,48,86387.54,2015-05-11,Säntis Industries AG,6023.87
100601,47,-5000.0,2025-06-23,Säntis Industries AG,6337.65
100602,55,89786.7,2015-09-26,Bodensee Logistics AG,7171.72
100603,53,83114.5,2015-04-17,Säntis Industries AG,7251.8
100604,24,83987.12,2019-06-08,Bodensee Logistics AG,5998.79
100605,57,74650.0,2023-03-14,Rhein Consulting GmbH,5343.48
100606,43,56834.03,2015-11-19,Rhein Consulting GmbH,5257.39
100607,33,54214.75,2018-03-22,Säntis Industries AG,3672.11
100608,42,93758.41,2017-11-20,Rhein Consulting GmbH,9500.9
100609,64,77019.4,2019-05-15,AlpenTech AG,8983.3
100610,59,71270.4,2025-11-02,AlpenTech AG,6101.3
100611,58,82153.1,2018-08-23,Bodensee Logistics AG,9370.9
100612,40,96308.78,2017-04-18,Bodensee Logistics AG,6346.65
100613,55,85246.55,2016-05-06,Rhein Consulting GmbH,5334.51
100614,36,70191.01,2017-03-06,Bodensee Logistics AG,7249.48
100615,50,104073.27,2016-06-18,Bodensee Logistics AG,10996.52
100616,48,110425.34,2021-04-22,Säntis Industries AG,12211.22
100617,29,90902.02,2019-08-16,Helvetia Services AG,5764.01
100618,30,99525.94,2020-06-22,Bodensee Logistics AG,10610.9
100619,20,104355.28,2024-02-24,Bodensee Logistics AG,8618.95
100620,24,102341.79,2021-05-19,Bodensee Logistics AG,8003.15
100621,38,93053.79,2016-09-15,Säntis Industries AG,6549.26
100622,40,92770.25,2019-02-21,Säntis Industries AG,11110.25
100623,25,91353.89,2018-06-09,Bodensee Logistics AG,5830.19
100624,38,62247.92,2024-02-02,Bodensee Logistics AG,6823.65
100625,47,94613.02,2018-05-17,Bodensee Logistics AG,9307.05
100626,29,57595.35,2016-07-10,AlpenTech AG,5995.95
100627,34,67697.21,2023-02-03,Bodensee Logistics AG,6952.71
100628,35,105464.17,2019-09-16,Helvetia Services AG,11759.9
100629,42,97123.96,2016-01-20,AlpenTech AG,6898.47
100630,35,108773.17,2022-08-01,AlpenTech AG,6531.77
100631,53,77109.86,2017-04-25,Bodensee Logistics AG,7395.74
100632,33,61259.52,2024-07-17,AlpenTech AG,4976.2
100633,38,77672.13,2024-02-25,Rhein Consulting GmbH,5237.22
100634,36,83836.56,2019-01-23,Bodensee Logistics AG,5966.51
100635,26,83421.8,2021-02-08,Helvetia Services AG,6665.82
100636,50,102406.25,2021-03-29,Rhein Consulting GmbH,6575.92
100637,29,75497.13,2022-03-08,Bodensee Logistics AG,4787.63
100638,32,88336.62,2015-10-05,Rhein Consulting GmbH,10155.32
100639,56,64204.71,2018-07-28,Rhein Consulting GmbH,5054.59
100640,63,90105.71,2016-11-14,AlpenTech AG,10716.62
100641,50,82055.95,2022-09-01,Helvetia Services AG,9671.28
100642,61,68503.36,2015-10-05,Bodensee Logistics AG,4696.2
100643,59,77755.07,2020-09-06,Säntis Industries AG,8000.64
100644,41,78684.84,2023-01-01,AlpenTech AG,7557.54
100645,54,77137.21,2025-06-04,AlpenTech AG,7824.71
100646,33,113884.14,2018-03-02,Säntis Industries AG,7490.33
100647,40,80227.97,2015-02-02,Säntis Industries AG,5721.35
100648,43,77609.87,2022-12-15,AlpenTech AG,5013.47
100649,64,44245.88,2015-01-07,Bodensee Logistics AG,4258.58
100650,58,65904.27,2015-09-24,Rhein Consulting GmbH,7855.49
100651,41,77264.68,2025-11-20,AlpenTech AG,7751.12
100652,49,69654.65,2024-06-25,Helvetia Services AG,7149.75
100653,27,106870.74,2022-10-11,Helvetia Services AG,12725.64
100654,56,79031.12,2024-03-08,Rhein Consulting GmbH,7956.91
100655,44,105192.0,2015-10-30,Helvetia Services AG,6565.13
100656,43,83110.68,2015-12-24,Bodensee Logistics AG,9310.09
100657,54,82670.1,2018-04-22,Helvetia Services AG,6769.09
100658,48,80401.66,2015-04-06,Rhein Consulting GmbH,4845.15
100659,21,82068.33,2024-10-06,AlpenTech AG,7421.77
100660,31,112938.31,2015-08-14,Helvetia Services AG,13125.79
100661,26,40247.01,2020-12-24,Helvetia Services AG,3036.23
100662,53,45972.18,2024-05-20,Säntis Industries AG,4114.09
100663,19,72222.93,2023-01-29,Säntis Industries AG,5086.42
100664,27,82261.5,2017-07-31,Bodensee Logistics AG,5220.44
100665,46,94421.88,2020-03-03,AlpenTech AG,6121.63
100666,51,90515.57,2021-01-10,Rhein Consulting GmbH,9379.28
100667,42,75083.57,2023-06-11,Bodensee Logistics AG,8397.68
100668,59,100342.79,2019-09-08,Säntis Industries AG,6883.31
100669,62,100543.52,2018-02-18,Helvetia Services AG,7771.93
100670,24,85313.04,2023-09-30,Säntis Industries AG,6117.1
100671,63,99327.84,2024-09-29,Säntis Industries AG,6119.72
100672,47,86907.61,2020-05-16,Helvetia Services AG,8100.3
100673,48,71893.31,2015-04-23,Rhein Consulting GmbH,7332.78
100674,22,94560.7,2020-07-03,Helvetia Services AG,9349.47
100675,47,83991.04,2024-10-10,Helvetia Services AG,6995.04
100676,52,82024.12,2025-11-15,Helvetia Services AG,7652.9
100677,45,108513.16,2019-05-30,Rhein Consulting GmbH,7123.45
100678,22,37884.3,2016-08-25,Helvetia Services AG,2623.8
100679,43,56481.68,2021-04-16,Rhein Consulting GmbH,6546.66
100680,62,60632.73,2024-02-18,Bodensee Logistics AG,6408.3
100681,52,75461.31,2025-05-22,Rhein Consulting GmbH,8705.54
100682,24,77417.05,2015-07-27,Säntis Industries AG,8903.02
100683,64,54868.14,2018-03-12,AlpenTech AG,5429.95
100684,64,64267.16,2020-04-01,Säntis Industries AG,7435.35
100685,26,66504.85,2016-01-30,AlpenTech AG,5653.06
100686,56,126233.63,2024-09-28,Bodensee Logistics AG,7601.41
100687,37,114431.36,2016-03-26,Helvetia Services AG,7295.49
100688,46,74588.51,2022-04-24,Rhein Consulting GmbH,4965.3
100689,39,75455.5,2025-02-05,Rhein Consulting GmbH,4959.03
100690,55,61314.33,2022-07-14,Säntis Industries AG,4972.72
100691,65,47653.65,2023-05-23,Bodensee Logistics AG,4864.31
100692,56,79896.16,2017-11-23,Säntis Industries AG,8583.96
100693,62,64038.66,2024-02-05,Helvetia Services AG,6110.11
100694,63,80472.69,2019-08-08,Helvetia Services AG,5535.41
100695,22,53196.29,2015-09-04,Helvetia Services AG,5578.91
100696,30,68284.46,2019-01-11,Bodensee Logistics AG,5550.72
100697,52,84675.29,2018-11-05,Rhein Consulting GmbH,5146.53
100698,46,88591.77,2020-09-24,Säntis Industries AG,6806.98
100699,20,89514.5,2017-11-29,Helvetia Services AG,7146.48
100700,22,58231.2,2020-01-30,Helvetia Services AG,4452.05
100701,42,97384.34,2019-09-15,Säntis Industries AG,10586.87
100702,47,67596.19,2018-08-05,Bodensee Logistics AG,7137.86
100703,26,93391.44,2022-08-27,Helvetia Services AG,9501.0
100704,26,81808.5,2018-05-11,Säntis Industries AG,5590.82
100705,24,57225.03,2023-06-02,Bodensee Logistics AG,6207.2
100706,45,76308.44,2017-10-04,Säntis Industries AG,7678.96
100707,18,88576.55,2024-07-04,Säntis Industries AG,6350.08
100708,45,93033.38,2019-01-05,Säntis Industries AG,9199.66
100709,40,79462.22,2015-06-13,Bodensee Logistics AG,7072.99
100710,40,109572.02,2016-08-25,Rhein Consulting GmbH,9462.75
100711,50,100135.19,2023-11-12,,6681.76
100712,43,77380.23,2024-08-02,Helvetia Services AG,7049.2
100713,52,95502.19,2017-05-01,AlpenTech AG,6302.75
100714,54,116808.28,2021-08-14,Helvetia Services AG,8159.67
100715,62,117288.72,2021-04-25,Rhein Consulting GmbH,7970.09
100716,56,59896.0,2016-06-21,Bodensee Logistics AG,7022.6
100717,42,65322.4,2019-12-20,AlpenTech AG,5035.83
100718,41,108728.54,2022-08-17,Bodensee Logistics AG,8840.96
100719,29,62950.94,2025-08-19,AlpenTech AG,4993.57
100720,46,58194.26,2024-04-26,Bodensee Logistics AG,6628.04
100721,24,73248.51,2016-01-28,Bodensee Logistics AG,6869.1
100722,62,89564.08,2017-08-11,Rhein Consulting GmbH,10313.27
100723,58,80156.86,2019-10-20,Bodensee Logistics AG,6251.87
100724,23,70289.85,2016-08-27,Bodensee Logistics AG,4701.69
100725,55,69864.18,2021-04-10,Rhein Consulting GmbH,6523.44
100726,23,69177.93,2015-02-04,Rhein Consulting GmbH,5584.89
100727,52,66168.83,2016-03-31,Säntis Industries AG,7153.8
100728,22,123069.39,2015-07-09,Helvetia Services AG,13877.97
100729,41,87355.2,2018-04-01,Bodensee Logistics AG,7718.22
100730,49,97961.66,2023-05-19,Helvetia Services AG,11587.06
100731,52,73196.61,2016-12-12,Bodensee Logistics AG,6820.52
100732,38,78652.78,2025-11-07,AlpenTech AG,5997.69
100733,62,69156.03,2017-12-18,Bodensee Logistics AG,6178.3
100734,55,34269.25,2015-06-30,AlpenTech AG,2132.87
100735,27,57195.83,2018-09-09,Bodensee Logistics AG,6190.88
100736,50,49408.86,2023-03-23,Säntis Industries AG,3265.24
100737,53,41503.89,2016-03-04,Säntis Industries AG,3259.09
100738,34,60483.54,2015-10-16,Bodensee Logistics AG,5680.55
100739,53,105849.2,2024-05-03,AlpenTech AG,6623.88
100740,61,81200.15,2021-07-05,Helvetia Services AG,5258.44
100741,57,105230.15,2018-10-10,AlpenTech AG,10708.95
100742,54,89397.69,2023-04-24,Rhein Consulting GmbH,5748.86
100743,48,96086.06,2024-04-12,Säntis Industries AG,8515.62
100744,30,65783.85,2018-12-13,Bodensee Logistics AG,5283.87
100745,56,91431.12,2021-03-03,AlpenTech AG,6737.08
100746,35,95116.86,2015-02-13,AlpenTech AG,6784.37
100747,43,71620.35,2018-05-14,Säntis Industries AG,7577.77
100748,33,92071.73,2021-07-17,Helvetia Services AG,10780.91
100749,33,92191.38,2017-03-02,AlpenTech AG,6306.88
100750,25,72108.05,2025-11-23,AlpenTech AG,8478.53
100751,64,61790.17,2025-09-04,Helvetia Services AG,5912.44
100752,25,60685.69,2017-10-31,Rhein Consulting GmbH,5977.52
100753,22,83557.1,2019-05-11,Säntis Industries AG,8572.59
100754,62,87886.18,2017-01-30,Helvetia Services AG,8986.11
100755,44,67734.54,2020-07-16,Rhein Consulting GmbH,7395.84
100756,39,82478.54,2016-05-12,AlpenTech AG,7341.26
100757,53,92269.67,2019-04-19,AlpenTech AG,8488.95
100758,36,93127.43,2021-02-07,AlpenTech AG,7397.08
100759,24,109933.84,2021-09-22,Säntis Industries AG,7290.31
100760,53,104985.65,2021-07-22,Bodensee Logistics AG,10485.8
100761,26,63976.75,2017-06-07,Säntis Industries AG,3967.62
100762,44,112304.55,2023-09-16,AlpenTech AG,8595.58
100763,63,72442.42,2022-08-09,AlpenTech AG,4756.12
100764,62,100807.71,2023-04-12,Säntis Industries AG,7202.07
100765,35,83223.76,2020-02-22,AlpenTech AG,8182.88
100766,55,74581.31,2024-10-23,AlpenTech AG,7287.24
100767,47,49461.46,2019-04-15,Bodensee Logistics AG,4217.25
100768,41,78911.84,2023-11-10,Rhein Consulting GmbH,5161.65
100769,24,53931.1,2017-03-28,Helvetia Services AG,4638.21
100770,36,99411.39,2017-09-19,Bodensee Logistics AG,8068.69
100771,49,109302.27,2020-10-15,Rhein Consulting GmbH,11283.01
100772,65,67655.6,2021-02-09,Bodensee Logistics AG,6409.8
100773,18,87435.47,2023-03-16,Helvetia Services AG,7824.95
100774,52,68942.95,2018-04-09,AlpenTech AG,6151.02
100775,58,70687.27,2024-08-04,Bodensee Logistics AG,8339.53
100776,63,95940.9,2018-08-17,Säntis Industries AG,10110.03
100777,38,81306.31,2020-11-14,Rhein Consulting GmbH,7302.83
100778,23,113313.66,2025-03-30,Säntis Industries AG,10056.97
100779,31,73319.82,2020-12-05,AlpenTech AG,4515.68
100780,58,99988.05,2022-06-30,AlpenTech AG,11653.66
100781,60,83753.44,2024-12-27,Bodensee Logistics AG,6629.12
100782,48,96324.0,2025-09-17,AlpenTech AG,7258.62
100783,23,73951.16,2020-06-28,Bodensee Logistics AG,8871.52
100784,23,81107.94,2019-08-01,Säntis Industries AG,8363.96
100785,40,79921.02,2017-03-01,Helvetia Services AG,5022.38
100786,46,66950.97,2020-11-27,Bodensee Logistics AG,4265.66
100787,19,93917.47,2025-02-04,Rhein Consulting GmbH,5778.75
100788,50,93704.48,2020-05-09,AlpenTech AG,8993.49
100789,44,92683.98,2018-10-31,Säntis Industries AG,5959.01
100790,18,109665.38,2016-03-06,Helvetia Services AG,12721.55
100791,22,108088.21,2019-04-14,Säntis Industries AG,12561.41
100792,39,75251.0,2017-08-08,Rhein Consulting GmbH,6980.53
100793,52,88714.94,2025-09-26,AlpenTech AG,8605.2
100794,57,70775.19,2020-10-19,Rhein Consulting GmbH,5486.04
100795,38,82420.4,2016-07-04,AlpenTech AG,5261.58
100796,32,71204.51,2015-09-28,Bodensee Logistics AG,7422.9
100797,64,111161.27,2024-05-08,Säntis Industries AG,7348.56
100798,40,88546.57,2025-03-28,Säntis Industries AG,5767.34
100799,33,78075.48,2023-05-22,Säntis Industries AG,6142.46
100800,39,103485.13,2016-05-12,Bodensee Logistics AG,6286.51
100801,18,42928.92,2016-01-30,Bodensee Logistics AG,3693.7
100802,32,45746.15,2017-03-05,Helvetia Services AG,4687.19
100803,42,96325.1,2023-04-04,Säntis Industries AG,10410.91
100804,62,83088.43,2023-05-31,Bodensee Logistics AG,7997.96
100805,53,86508.03,2024-03-17,Rhein Consulting GmbH,9586.17
100806,55,58124.87,2016-01-25,Helvetia Services AG,4905.17
100807,44,81581.79,2016-09-07,Rhein Consulting GmbH,9049.57
100808,23,118063.17,2024-11-23,Helvetia Services AG,10671.54
100809,36,96835.59,2025-03-17,Rhein Consulting GmbH,7106.01
100810,65,85054.72,2022-12-23,AlpenTech AG,9921.53
100811,20,74097.03,2016-03-01,AlpenTech AG,5668.29
100812,60,74897.69,2015-10-03,Helvetia Services AG,4611.61
100813,50,43674.44,2015-08-12,Bodensee Logistics AG,3256.39
100814,31,86637.53,2022-08-09,Rhein Consulting GmbH,7104.39
100815,55,97218.7,2024-04-19,Helvetia Services AG,7882.59
100816,58,53638.85,2021-12-10,AlpenTech AG,4906.88
100817,20,70094.5,2017-11-18,Helvetia Services AG,7919.81
100818,23,61165.64,2023-04-29,Bodensee Logistics AG,4742.8
100819,49,64623.68,2015-08-26,Bodensee Logistics AG,5896.67
100820,65,82962.67,2024-02-08,Rhein Consulting GmbH,6670.89
100821,19,44480.76,2024-10-20,Helvetia Services AG,0.0
100822,49,93056.87,2022-11-24,Rhein Consulting GmbH,6463.37
100823,24,95569.39,2024-08-31,Rhein Consulting GmbH,6327.71
100824,49,77480.15,2021-06-11,Rhein Consulting GmbH,6987.14
100825,47,37347.25,2020-02-24,Bodensee Logistics AG,3746.42
100826,22,64064.46,2018-07-18,Säntis Industries AG,6901.76
100827,50,104192.23,2025-02-17,Helvetia Services AG,9937.59
100828,61,31996.1,2022-08-31,Rhein Consulting GmbH,3405.38
100829,59,75744.58,2017-02-03,AlpenTech AG,6329.41
100830,19,60759.99,2025-07-09,AlpenTech AG,3765.42
100831,29,96482.27,2015-08-26,Säntis Industries AG,6461.03
100832,29,69847.95,2021-06-16,Bodensee Logistics AG,4353.16
100833,39,89271.17,2017-02-04,Rhein Consulting GmbH,7118.18
100834,24,92178.29,2022-04-21,Rhein Consulting GmbH,8271.11
100835,59,115052.07,2019-07-15,Rhein Consulting GmbH,9362.83
100836,55,78347.05,2019-10-22,Helvetia Services AG,7336.1
100837,56,88768.8,2022-05-20,AlpenTech AG,7885.91
100838,27,55269.0,2023-04-24,AlpenTech AG,5564.29
100839,18,103427.44,2019-03-06,Säntis Industries AG,10344.58
100840,61,68310.84,2025-12-19,Helvetia Services AG,5402.28
100841,31,71906.43,2020-06-24,Bodensee Logistics AG,5808.09
100842,49,81599.54,2016-10-05,Bodensee Logistics AG,7760.84
100843,61,53868.08,2015-01-26,AlpenTech AG,5159.81
100844,19,86117.86,2017-03-23,Bodensee Logistics AG,6793.15
100845,18,99414.39,2022-08-06,AlpenTech AG,7935.16
100846,18,87272.81,2020-12-05,AlpenTech AG,8870.64
100847,25,53399.84,2018-09-18,AlpenTech AG,5278.29
100848,20,79771.43,2020-04-16,Säntis Industries AG,5432.68
100849,57,95356.52,2024-03-19,Bodensee Logistics AG,8244.76
100850,47,48196.2,2021-04-13,Säntis Industries AG,5473.27
100851,65,62654.21,2015-08-22,Bodensee Logistics AG,3895.73
100852,56,97777.78,2015-07-17,Helvetia Services AG,10883.63
100853,64,86861.72,2020-04-19,Rhein Consulting GmbH,6062.14
100854,29,89415.49,2019-06-12,Säntis Industries AG,8086.28
100855,31,115470.91,2024-05-07,Bodensee Logistics AG,9868.17
100856,58,90433.95,2021-05-29,AlpenTech AG,5481.0
100857,29,93841.98,2023-04-27,Helvetia Services AG,10784.68
100858,20,130793.42,2021-06-07,Säntis Industries AG,11417.68
100859,50,78151.52,2018-10-18,Bodensee Logistics AG,9163.74
100860,56,67638.11,2022-03-24,Säntis Industries AG,5221.98
100861,64,89700.34,2021-10-31,Bodensee Logistics AG,10044.33
100862,62,89901.84,2022-12-01,AlpenTech AG,10369.58
100863,23,72519.12,2017-01-29,Säntis Industries AG,6774.01
100864,55,63416.85,2022-01-19,Rhein Consulting GmbH,4576.2
100865,58,123577.2,2018-02-20,Rhein Consulting GmbH,12495.49
100866,51,87883.18,2023-09-08,Säntis Industries AG,8167.75
100867,57,68818.86,2023-10-12,AlpenTech AG,8029.22
100868,58,98486.75,2021-11-13,Säntis Industries AG,8504.95
100869,39,80035.39,2025-05-28,Helvetia Services AG,6091.56
100870,19,77448.13,2020-11-28,Säntis Industries AG,5289.49
100871,39,92120.91,2015-04-11,AlpenTech AG,9388.78
100872,27,58746.12,2021-08-30,Bodensee Logistics AG,6958.28
100873,23,88347.29,2023-07-20,Rhein Consulting GmbH,5451.08
100874,23,116433.19,2016-02-11,AlpenTech AG,12158.74
100875,51,90391.2,2016-02-24,AlpenTech AG,10450.65
100876,42,75228.18,2018-01-01,Säntis Industries AG,4851.23
100877,43,72872.1,2024-04-12,AlpenTech AG,4854.03
100878,53,74613.88,2020-10-18,Rhein Consulting GmbH,7574.61
100879,44,77428.67,2025-09-25,Säntis Industries AG,7655.98
100880,48,75199.48,2024-08-06,Rhein Consulting GmbH,4822.52
100881,22,98493.61,2021-02-05,Bodensee Logistics AG,10840.74
100882,58,50802.24,2022-06-19,Bodensee Logistics AG,4643.6
100883,39,97516.0,2018-08-21,Rhein Consulting GmbH,11158.94
100884,25,75165.64,2015-12-29,Bodensee Logistics AG,8469.62
100885,57,88785.06,2019-05-20,Bodensee Logistics AG,9655.42
100886,53,61714.22,2021-07-05,AlpenTech AG,5613.15
100887,20,105915.36,2017-01-01,Rhein Consulting GmbH,7954.52
100888,27,104421.43,2017-06-09,Rhein Consulting GmbH,9435.37
100889,18,99272.63,2015-03-02,Rhein Consulting GmbH,6556.83
100890,30,54734.41,2023-01-26,AlpenTech AG,5447.76
100891,22,96924.18,2024-11-20,Rhein Consulting GmbH,6594.59
100892,52,89287.39,2024-02-05,Rhein Consulting GmbH,8095.72
100893,43,53105.12,2019-03-06,AlpenTech AG,3359.58
100894,65,81562.65,2021-07-10,Säntis Industries AG,6359.5
100895,53,88561.62,2025-07-24,Bodensee Logistics AG,6546.9
100896,47,92009.35,2021-07-02,Bodensee Logistics AG,8943.48
100897,42,85190.7,2018-04-02,Rhein Consulting GmbH,9133.06
100898,20,87242.17,2018-09-21,Bodensee Logistics AG,5534.48
100899,21,108525.01,2022-12-29,Bodensee Logistics AG,12048.12
100900,47,104068.61,2019-11-27,Helvetia Services AG,11618.85
100901,18,30393.01,2024-03-15,Säntis Industries AG,2447.74
100902,20,76286.11,2024-07-01,Säntis Industries AG,7593.54
100903,28,79036.28,2015-05-24,AlpenTech AG,6651.44
100904,60,50462.23,2022-12-14,Rhein Consulting GmbH,3494.58
100905,40,83695.3,2019-01-25,AlpenTech AG,7676.51
100906,52,104477.64,2020-09-17,Helvetia Services AG,6810.02
100907,37,62441.78,2017-11-29,Säntis Industries AG,7037.71
100908,26,88055.22,2019-01-18,AlpenTech AG,10166.63
100909,35,65515.18,2018-08-19,Helvetia Services AG,7160.6
100910,22,69905.58,2015-07-22,Helvetia Services AG,6553.77
100911,54,108593.09,2025-02-31,Rhein Consulting GmbH,10148.67
100912,26,72233.96,2016-07-28,Bodensee Logistics AG,8601.36
100913,36,90319.82,2019-02-17,Bodensee Logistics AG,6762.62
100914,65,48318.07,2017-02-13,Säntis Industries AG,3119.26
100915,46,115521.72,2016-10-06,Bodensee Logistics AG,10826.29
100916,40,92847.74,2019-02-08,Rhein Consulting GmbH,7402.48
100917,44,78715.0,2025-02-05,AlpenTech AG,6245.27
100918,55,92359.84,2025-05-18,Helvetia Services AG,5580.85
100919,30,56623.25,2019-03-13,Säntis Industries AG,5423.06
100920,48,103285.55,2020-07-21,Säntis Industries AG,7833.38
100921,59,76168.27,2025-11-01,Rhein Consulting GmbH,5428.63
100922,45,78326.75,2017-07-31,Helvetia Services AG,4889.62
100923,39,73150.2,2025-05-21,AlpenTech AG,5988.2
100924,24,71548.27,2016-02-29,Säntis Industries AG,8066.22
100925,29,94504.07,2017-06-25,Rhein Consulting GmbH,7579.25
100926,63,86606.32,2018-09-20,Helvetia Services AG,8725.11
100927,43,93731.47,2015-05-29,Bodensee Logistics AG,9878.62
100928,32,81841.7,2023-12-20,Rhein Consulting GmbH,6521.64
100929,38,91237.6,2024-05-27,Bodensee Logistics AG,9972.13
100930,45,74460.72,2019-03-20,Säntis Industries AG,7558.71
100931,43,122135.17,2024-03-12,AlpenTech AG,11426.3
100932,51,53777.25,2023-06-29,Helvetia Services AG,3229.84
100933,30,104696.87,2023-10-23,AlpenTech AG,6502.25
100934,49,106622.33,2023-10-28,Rhein Consulting GmbH,12736.25
100935,39,66661.14,2021-04-21,Rhein Consulting GmbH,7128.54
100936,63,122126.92,2016-03-20,Säntis Industries AG,14197.73
100937,25,99918.83,2025-02-24,Bodensee Logistics AG,11404.55
100938,25,99480.5,2021-09-09,AlpenTech AG,6090.85
100939,40,82504.4,2024-11-27,Bodensee Logistics AG,8870.12
100940,42,78089.93,2025-07-17,AlpenTech AG,6799.19
100941,51,78230.64,2017-01-21,Rhein Consulting GmbH,8399.9
100942,37,89029.55,2019-06-03,Rhein Consulting GmbH,5377.65
100943,61,107221.35,2017-02-11,Säntis Industries AG,8287.35
100944,40,85263.66,2015-07-24,Helvetia Services AG,8959.46
100945,24,65594.01,2025-08-16,Helvetia Services AG,7056.69
100946,23,96839.69,2025-02-24,AlpenTech AG,9411.16
100947,64,98580.71,2025-03-29,Bodensee Logistics AG,7696.73
100948,24,93783.87,2024-09-17,Bodensee Logistics AG,7373.45
100949,63,95418.98,2022-02-17,Rhein Consulting GmbH,11260.0
100950,31,77123.29,2020-09-27,Rhein Consulting GmbH,6659.81
100951,22,65278.19,invalid_date,AlpenTech AG,5667.94
100952,32,66372.52,2021-01-26,Helvetia Services AG,6181.93
100953,47,52561.66,2022-01-23,Bodensee Logistics AG,4445.15
100954,38,86265.08,2017-04-30,Helvetia Services AG,8036.48
100955,55,80497.92,2023-03-18,AlpenTech AG,6918.0
100956,47,74080.22,2024-01-04,Säntis Industries AG,8119.41
100957,37,30000.0,2022-06-17,Rhein Consulting GmbH,3436.29
100958,48,59548.29,2020-06-24,Bodensee Logistics AG,6903.23
100959,64,102175.13,2017-03-05,Helvetia Services AG,9589.93
100960,37,70036.73,2015-05-17,Säntis Industries AG,6060.2
100961,25,88490.65,2021-11-23,AlpenTech AG,9053.87
100962,37,56967.66,2022-07-05,Bodensee Logistics AG,6283.5
100963,58,107896.7,2023-06-30,Säntis Industries AG,10118.44
100964,28,79407.5,2025-06-13,Säntis Industries AG,8099.47
100965,63,87220.73,2020-06-19,Helvetia Services AG,9156.76
100966,46,123864.04,2024-02-12,Rhein Consulting GmbH,12458.69
100967,46,109295.92,2022-11-15,AlpenTech AG,11450.72
100968,33,76481.82,2018-01-17,AlpenTech AG,5546.36
100969,62,71322.04,2024-04-16,Helvetia Services AG,6412.03
100970,19,76140.19,2015-08-03,Säntis Industries AG,7255.86
100971,32,91178.17,2021-08-01,Rhein Consulting GmbH,5484.25
100972,38,80105.97,2025-05-03,Bodensee Logistics AG,8920.42
100973,40,74885.61,2022-03-30,Helvetia Services AG,7234.06
100974,40,108409.26,2025-04-20,AlpenTech AG,7344.53
100975,25,79944.22,2015-08-14,Helvetia Services AG,8712.43
100976,28,123392.6,2020-11-07,AlpenTech AG,12712.33
100977,22,83633.37,2023-08-01,AlpenTech AG,8823.15
100978,45,114135.73,2022-01-22,Rhein Consulting GmbH,9532.91
100979,34,88431.75,2024-09-05,AlpenTech AG,9838.22
100980,45,99333.29,2020-02-01,AlpenTech AG,8427.6
100981,46,68957.0,2022-07-03,Bodensee Logistics AG,6497.86
100982,51,66632.33,2019-08-13,Helvetia Services AG,4000.51
100983,44,90274.71,2024-08-02,Bodensee Logistics AG,8909.43
100984,49,99793.96,2016-04-24,AlpenTech AG,10287.81
100985,46,82724.62,2017-10-17,Helvetia Services AG,7778.31
100986,49,58844.92,2016-01-24,Bodensee Logistics AG,5283.89
100987,47,57515.35,2022-09-19,Rhein Consulting GmbH,6245.95
100988,33,56311.54,2017-07-23,Bodensee Logistics AG,5680.84
100989,29,50182.8,2018-06-27,Bodensee Logistics AG,3848.24
100990,55,83970.74,2024-03-13,Bodensee Logistics AG,9870.29
100991,34,102250.79,2018-12-17,Helvetia Services AG,10474.17
100992,44,81758.52,2016-08-08,Helvetia Services AG,9751.86
100993,27,41312.53,2015-03-26,Bodensee Logistics AG,4886.27
100994,38,78566.31,2017-06-29,AlpenTech AG,9045.7
100995,43,79069.62,2025-01-20,Rhein Consulting GmbH,8327.79
100996,48,119727.98,2021-01-11,Rhein Consulting GmbH,11561.62
100997,43,55771.52,2025-12-08,Helvetia Services AG,3922.42
100998,35,74967.8,2017-05-13,Helvetia Services AG,6942.1
100999,64,112705.35,2018-11-12,Helvetia Services AG,11938.04
101000,42,90099.61,2016-10-17,Rhein Consulting GmbH,8221.72
100021,42,98113.33,2021-12-14,Helvetia Services AG,8459.27
100121,39,71604.3,2021-03-10,AlpenTech AG,7561.35
100451,64,90069.83,2022-08-28,Helvetia Services AG,8921.3
